INSERT INTO USER(userID,email,password,cupboardID,cartID ) VALUES ('38CA10BA', 'red@gmail.com', '03D64A6A', 'CB1FD927', 'DD66F584');
INSERT INTO USER(userID,email,password,cupboardID,cartID ) VALUES ('5EC07057', 'blue@gmail.com', 'D639F761', '3A834DBA', '4C0002B9');
INSERT INTO USER(userID,email,password,cupboardID,cartID ) VALUES ('375548CD', 'green@gmail.com', '0A9E2788', '105F5A7A', '6CE9FE1E');
INSERT INTO USER(userID,email,password,cupboardID,cartID ) VALUES ('CED57092', 'purple@gmail.com', '3FF205E3', '4252220C', '9C938DE0');
INSERT INTO USER(userID,email,password,cupboardID,cartID ) VALUES ('10462528', 'yellow@gmail.com', '748865D8', 'A4374CF1', 'F88ACAE9');
INSERT INTO USER(userID,email,password,cupboardID,cartID ) VALUES ('58AEA954', 'pink@gmail.com', '53F958FD', '9738F1AF', '5D516C6A');
INSERT INTO INGREDIENT(ingredientID,name ) VALUES ('ED810DB6', 'Pillsbury refrigerated pie crust');
INSERT INTO INGREDIENT(ingredientID,name ) VALUES ('9AF7E45C', 'half-and-half');
INSERT INTO INGREDIENT(ingredientID,name ) VALUES ('FDBDB0DE', 'milk');
INSERT INTO INGREDIENT(ingredientID,name ) VALUES ('6E7EE921', 'eggs');
INSERT INTO INGREDIENT(ingredientID,name ) VALUES ('223CACDA', 'salt');
INSERT INTO INGREDIENT(ingredientID,name ) VALUES ('2AFB8BC5', 'pepper');
INSERT INTO INGREDIENT(ingredientID,name ) VALUES ('3BC28046', 'sliced bacon');
INSERT INTO INGREDIENT(ingredientID,name ) VALUES ('41FC6EA0', 'shredded swiss cheese');
INSERT INTO INGREDIENT(ingredientID,name ) VALUES ('33C691B2', 'shredded cheddar cheese');
INSERT INTO INGREDIENT(ingredientID,name ) VALUES ('8214543B', 'grated parmasan cheese');
INSERT INTO INGREDIENT(ingredientID,name ) VALUES ('F006BA96', 'onion');
INSERT INTO INGREDIENT(ingredientID,name ) VALUES ('1356B3FA', 'heavy cream');
INSERT INTO INGREDIENT(ingredientID,name ) VALUES ('2CF91147', 'baby spinach');
INSERT INTO INGREDIENT(ingredientID,name ) VALUES ('6B558683', 'cooked ham');
INSERT INTO INGREDIENT(ingredientID,name ) VALUES ('405B6FFC', 'green onions');
INSERT INTO INGREDIENT(ingredientID,name ) VALUES ('B6D56CC9', 'all-purpose flour');
INSERT INTO INGREDIENT(ingredientID,name ) VALUES ('1B148100', 'kosher salt');
INSERT INTO INGREDIENT(ingredientID,name ) VALUES ('031B92C2', 'baking powder');
INSERT INTO INGREDIENT(ingredientID,name ) VALUES ('3A925696', 'sugar');
INSERT INTO INGREDIENT(ingredientID,name ) VALUES ('A10AF722', 'butter');
INSERT INTO INGREDIENT(ingredientID,name ) VALUES ('420EC88F', 'vanilla extract');
INSERT INTO INGREDIENT(ingredientID,name ) VALUES ('F77CF744', 'brown rice flour');
INSERT INTO INGREDIENT(ingredientID,name ) VALUES ('DBE2289E', 'tapioca starch');
INSERT INTO INGREDIENT(ingredientID,name ) VALUES ('8A9B486B', 'potato starch');
INSERT INTO INGREDIENT(ingredientID,name ) VALUES ('3E91072F', 'vegetable oil');
INSERT INTO INGREDIENT(ingredientID,name ) VALUES ('11BFBA08', 'white sugar');
INSERT INTO ING_SUBSTITUTION(ingredientID,substitution ) VALUES ('ED810DB6', 'Non-brandname pie crust');
INSERT INTO ING_SUBSTITUTION(ingredientID,substitution ) VALUES ('9AF7E45C', 'milk');
INSERT INTO ING_SUBSTITUTION(ingredientID,substitution ) VALUES ('FDBDB0DE', 'almond milk');
INSERT INTO ING_SUBSTITUTION(ingredientID,substitution ) VALUES ('3BC28046', 'ham/sausage');
INSERT INTO ING_SUBSTITUTION(ingredientID,substitution ) VALUES ('41FC6EA0', 'Any cheese');
INSERT INTO ING_SUBSTITUTION(ingredientID,substitution ) VALUES ('33C691B2', 'Any Cheese');
INSERT INTO ING_SUBSTITUTION(ingredientID,substitution ) VALUES ('8214543B', 'Any Cheese');
INSERT INTO ING_SUBSTITUTION(ingredientID,substitution ) VALUES ('F006BA96', 'Red Onion');
INSERT INTO ING_SUBSTITUTION(ingredientID,substitution ) VALUES ('1356B3FA', 'half and half');
INSERT INTO ING_SUBSTITUTION(ingredientID,substitution ) VALUES ('2CF91147', 'kale');
INSERT INTO ING_SUBSTITUTION(ingredientID,substitution ) VALUES ('6B558683', 'cooked bacon');
INSERT INTO ING_SUBSTITUTION(ingredientID,substitution ) VALUES ('B6D56CC9', 'Alternate Flours');
INSERT INTO ING_SUBSTITUTION(ingredientID,substitution ) VALUES ('031B92C2', 'baking soda');
INSERT INTO ING_SUBSTITUTION(ingredientID,substitution ) VALUES ('3A925696', 'brown sugar');
INSERT INTO ING_SUBSTITUTION(ingredientID,substitution ) VALUES ('A10AF722', 'cooking fat');
INSERT INTO ING_SUBSTITUTION(ingredientID,substitution ) VALUES ('420EC88F', 'honey');
INSERT INTO ING_SUBSTITUTION(ingredientID,substitution ) VALUES ('F77CF744', 'Alternate Flours');
INSERT INTO ING_SUBSTITUTION(ingredientID,substitution ) VALUES ('DBE2289E', 'corn starch');
INSERT INTO ING_SUBSTITUTION(ingredientID,substitution ) VALUES ('8A9B486B', 'corn starch');
INSERT INTO ING_SUBSTITUTION(ingredientID,substitution ) VALUES ('3E91072F', 'olive oil');
INSERT INTO ING_SUBSTITUTION(ingredientID,substitution ) VALUES ('11BFBA08', 'brown sugar');
INSERT INTO ING_SUBSTITUTION(ingredientID,substitution ) VALUES ('FDBDB0DE', 'Oat milk');
INSERT INTO ING_SUBSTITUTION(ingredientID,substitution ) VALUES ('FDBDB0DE', 'Cashew Milk');
INSERT INTO RECIPE(recipeID,name,URL ) VALUES ('0925E411', 'Bacon & Cheese Quiche', 'https://www.pillsbury.com/recipes/bacon-and-cheese-quiche/19288cf4-0cdc-46cc-bc86-4c9bfa799695');
INSERT INTO RECIPE(recipeID,name,URL ) VALUES ('A10BD851', 'Spinach and Bacon Quiche', 'https://www.foodnetwork.com/recipes/paula-deen/spinach-and-bacon-quiche-recipe-2131172');
INSERT INTO RECIPE(recipeID,name,URL ) VALUES ('1110E2B2', 'Easy Quiche Recipe', 'https://www.spendwithpennies.com/easy-quiche-recipe/');
INSERT INTO RECIPE(recipeID,name,URL ) VALUES ('C6B097B6', 'Homemade Waffles', 'https://barefeetinthekitchen.com/homemade-waffles/');
INSERT INTO RECIPE(recipeID,name,URL ) VALUES ('C1F5B733', 'Waffles', 'https://www.allrecipes.com/recipe/22180/waffles-i/');
INSERT INTO LISTS(recipeID,ingredientID,isRequired ) VALUES ('0925E411', 'ED810DB6', 1);
INSERT INTO LISTS(recipeID,ingredientID,isRequired ) VALUES ('0925E411', '9AF7E45C', 1);
INSERT INTO LISTS(recipeID,ingredientID,isRequired ) VALUES ('0925E411', 'FDBDB0DE', 1);
INSERT INTO LISTS(recipeID,ingredientID,isRequired ) VALUES ('0925E411', '6E7EE921', 0);
INSERT INTO LISTS(recipeID,ingredientID,isRequired ) VALUES ('0925E411', '223CACDA', 0);
INSERT INTO LISTS(recipeID,ingredientID,isRequired ) VALUES ('0925E411', '2AFB8BC5', 1);
INSERT INTO LISTS(recipeID,ingredientID,isRequired ) VALUES ('0925E411', '3BC28046', 1);
INSERT INTO LISTS(recipeID,ingredientID,isRequired ) VALUES ('0925E411', '41FC6EA0', 1);
INSERT INTO LISTS(recipeID,ingredientID,isRequired ) VALUES ('0925E411', '33C691B2', 1);
INSERT INTO LISTS(recipeID,ingredientID,isRequired ) VALUES ('A10BD851', '6E7EE921', 1);
INSERT INTO LISTS(recipeID,ingredientID,isRequired ) VALUES ('A10BD851', '223CACDA', 1);
INSERT INTO LISTS(recipeID,ingredientID,isRequired ) VALUES ('A10BD851', '2AFB8BC5', 1);
INSERT INTO LISTS(recipeID,ingredientID,isRequired ) VALUES ('A10BD851', '1356B3FA', 1);
INSERT INTO LISTS(recipeID,ingredientID,isRequired ) VALUES ('A10BD851', '2CF91147', 1);
INSERT INTO LISTS(recipeID,ingredientID,isRequired ) VALUES ('A10BD851', '41FC6EA0', 1);
INSERT INTO LISTS(recipeID,ingredientID,isRequired ) VALUES ('A10BD851', '3BC28046', 1);
INSERT INTO LISTS(recipeID,ingredientID,isRequired ) VALUES ('A10BD851', 'ED810DB6', 1);
INSERT INTO LISTS(recipeID,ingredientID,isRequired ) VALUES ('1110E2B2', 'ED810DB6', 1);
INSERT INTO LISTS(recipeID,ingredientID,isRequired ) VALUES ('1110E2B2', '6E7EE921', 1);
INSERT INTO LISTS(recipeID,ingredientID,isRequired ) VALUES ('1110E2B2', 'FDBDB0DE', 1);
INSERT INTO LISTS(recipeID,ingredientID,isRequired ) VALUES ('1110E2B2', '2AFB8BC5', 1);
INSERT INTO LISTS(recipeID,ingredientID,isRequired ) VALUES ('1110E2B2', '223CACDA', 1);
INSERT INTO LISTS(recipeID,ingredientID,isRequired ) VALUES ('1110E2B2', '6B558683', 1);
INSERT INTO LISTS(recipeID,ingredientID,isRequired ) VALUES ('1110E2B2', '33C691B2', 1);
INSERT INTO LISTS(recipeID,ingredientID,isRequired ) VALUES ('1110E2B2', '405B6FFC', 1);
INSERT INTO LISTS(recipeID,ingredientID,isRequired ) VALUES ('C6B097B6', 'B6D56CC9', 1);
INSERT INTO LISTS(recipeID,ingredientID,isRequired ) VALUES ('C6B097B6', '223CACDA', 1);
INSERT INTO LISTS(recipeID,ingredientID,isRequired ) VALUES ('C6B097B6', '031B92C2', 1);
INSERT INTO LISTS(recipeID,ingredientID,isRequired ) VALUES ('C6B097B6', '3A925696', 1);
INSERT INTO LISTS(recipeID,ingredientID,isRequired ) VALUES ('C6B097B6', 'FDBDB0DE', 1);
INSERT INTO LISTS(recipeID,ingredientID,isRequired ) VALUES ('C6B097B6', '6E7EE921', 1);
INSERT INTO LISTS(recipeID,ingredientID,isRequired ) VALUES ('C6B097B6', 'A10AF722', 1);
INSERT INTO LISTS(recipeID,ingredientID,isRequired ) VALUES ('C6B097B6', '420EC88F', 1);
INSERT INTO LISTS(recipeID,ingredientID,isRequired ) VALUES ('C1F5B733', 'B6D56CC9', 1);
INSERT INTO LISTS(recipeID,ingredientID,isRequired ) VALUES ('C1F5B733', '223CACDA', 1);
INSERT INTO LISTS(recipeID,ingredientID,isRequired ) VALUES ('C1F5B733', '031B92C2', 1);
INSERT INTO LISTS(recipeID,ingredientID,isRequired ) VALUES ('C1F5B733', '11BFBA08', 1);
INSERT INTO LISTS(recipeID,ingredientID,isRequired ) VALUES ('C1F5B733', 'FDBDB0DE', 1);
INSERT INTO LISTS(recipeID,ingredientID,isRequired ) VALUES ('C1F5B733', '6E7EE921', 1);
INSERT INTO LISTS(recipeID,ingredientID,isRequired ) VALUES ('C1F5B733', '3E91072F', 1);
INSERT INTO LISTS(recipeID,ingredientID,isRequired ) VALUES ('C1F5B733', '420EC88F', 1);
INSERT INTO STORES(cupboardID,ingredientID ) VALUES ('CB1FD927', 'ED810DB6');
INSERT INTO STORES(cupboardID,ingredientID ) VALUES ('CB1FD927', '9AF7E45C');
INSERT INTO STORES(cupboardID,ingredientID ) VALUES ('CB1FD927', 'FDBDB0DE');
INSERT INTO STORES(cupboardID,ingredientID ) VALUES ('CB1FD927', '6E7EE921');
INSERT INTO STORES(cupboardID,ingredientID ) VALUES ('CB1FD927', '223CACDA');
INSERT INTO STORES(cupboardID,ingredientID ) VALUES ('3A834DBA', '2AFB8BC5');
INSERT INTO STORES(cupboardID,ingredientID ) VALUES ('3A834DBA', '3BC28046');
INSERT INTO STORES(cupboardID,ingredientID ) VALUES ('3A834DBA', '41FC6EA0');
INSERT INTO STORES(cupboardID,ingredientID ) VALUES ('3A834DBA', '33C691B2');
INSERT INTO STORES(cupboardID,ingredientID ) VALUES ('3A834DBA', '8214543B');
INSERT INTO STORES(cupboardID,ingredientID ) VALUES ('105F5A7A', 'F006BA96');
INSERT INTO STORES(cupboardID,ingredientID ) VALUES ('105F5A7A', '1356B3FA');
INSERT INTO STORES(cupboardID,ingredientID ) VALUES ('105F5A7A', '2CF91147');
INSERT INTO STORES(cupboardID,ingredientID ) VALUES ('105F5A7A', '6B558683');
INSERT INTO STORES(cupboardID,ingredientID ) VALUES ('A4374CF1', 'B6D56CC9');
INSERT INTO STORES(cupboardID,ingredientID ) VALUES ('A4374CF1', '223CACDA');
INSERT INTO STORES(cupboardID,ingredientID ) VALUES ('A4374CF1', '031B92C2');
INSERT INTO CONTAINS(cartID,ingredientID ) VALUES ('4C0002B9', '6E7EE921');
INSERT INTO CONTAINS(cartID,ingredientID ) VALUES ('4C0002B9', '1356B3FA');
INSERT INTO CONTAINS(cartID,ingredientID ) VALUES ('4C0002B9', '2CF91147');
INSERT INTO CONTAINS(cartID,ingredientID ) VALUES ('4C0002B9', '223CACDA');
INSERT INTO CONTAINS(cartID,ingredientID ) VALUES ('4C0002B9', 'ED810DB6');
INSERT INTO CONTAINS(cartID,ingredientID ) VALUES ('6CE9FE1E', 'B6D56CC9');
INSERT INTO CONTAINS(cartID,ingredientID ) VALUES ('6CE9FE1E', '223CACDA');
INSERT INTO CONTAINS(cartID,ingredientID ) VALUES ('6CE9FE1E', '031B92C2');
INSERT INTO CONTAINS(cartID,ingredientID ) VALUES ('6CE9FE1E', '3A925696');
INSERT INTO CONTAINS(cartID,ingredientID ) VALUES ('6CE9FE1E', 'A10AF722');
INSERT INTO CONTAINS(cartID,ingredientID ) VALUES ('6CE9FE1E', 'FDBDB0DE');
INSERT INTO CONTAINS(cartID,ingredientID ) VALUES ('6CE9FE1E', '6E7EE921');
INSERT INTO CONTAINS(cartID,ingredientID ) VALUES ('6CE9FE1E', '420EC88F');
INSERT INTO CONTAINS(cartID,ingredientID ) VALUES ('6CE9FE1E', '2AFB8BC5');
INSERT INTO CONTAINS(cartID,ingredientID ) VALUES ('6CE9FE1E', '41FC6EA0');
INSERT INTO CONTAINS(cartID,ingredientID ) VALUES ('6CE9FE1E', '3BC28046');
INSERT INTO CONTAINS(cartID,ingredientID ) VALUES ('6CE9FE1E', 'ED810DB6');
INSERT INTO CONTAINS(cartID,ingredientID ) VALUES ('9C938DE0', 'ED810DB6');
INSERT INTO CONTAINS(cartID,ingredientID ) VALUES ('9C938DE0', '6E7EE921');
INSERT INTO CONTAINS(cartID,ingredientID ) VALUES ('9C938DE0', 'FDBDB0DE');
INSERT INTO CONTAINS(cartID,ingredientID ) VALUES ('9C938DE0', '2AFB8BC5');
INSERT INTO CONTAINS(cartID,ingredientID ) VALUES ('9C938DE0', '223CACDA');
INSERT INTO CONTAINS(cartID,ingredientID ) VALUES ('9C938DE0', '6B558683');
INSERT INTO CONTAINS(cartID,ingredientID ) VALUES ('9C938DE0', '33C691B2');
INSERT INTO CONTAINS(cartID,ingredientID ) VALUES ('9C938DE0', '405B6FFC');
INSERT INTO CONTAINS(cartID,ingredientID ) VALUES ('F88ACAE9', '11BFBA08');
INSERT INTO CONTAINS(cartID,ingredientID ) VALUES ('F88ACAE9', 'FDBDB0DE');
INSERT INTO CONTAINS(cartID,ingredientID ) VALUES ('F88ACAE9', '6E7EE921');
INSERT INTO CONTAINS(cartID,ingredientID ) VALUES ('F88ACAE9', '3E91072F');
INSERT INTO CONTAINS(cartID,ingredientID ) VALUES ('F88ACAE9', '420EC88F');
INSERT INTO CONTAINS(cartID,ingredientID ) VALUES ('DD66F584', '2AFB8BC5');
INSERT INTO CONTAINS(cartID,ingredientID ) VALUES ('DD66F584', '3BC28046');
INSERT INTO CONTAINS(cartID,ingredientID ) VALUES ('DD66F584', '41FC6EA0');
INSERT INTO CONTAINS(cartID,ingredientID ) VALUES ('DD66F584', '33C691B2');
INSERT INTO ADDS(userID,recipeID,timesCooked,rating,lastCooked ) VALUES ('5EC07057', 'A10BD851', '1', '5', '2019-07-20');
INSERT INTO ADDS(userID,recipeID,timesCooked,rating,lastCooked ) VALUES ('10462528', 'C1F5B733', '2', '4.5', '2020-01-17');
INSERT INTO ADDS(userID,recipeID,timesCooked,rating,lastCooked ) VALUES ('375548CD', 'C6B097B6', '10', '4.8', '2019-12-25');
INSERT INTO ADDS(userID,recipeID,timesCooked,rating,lastCooked ) VALUES ('38CA10BA', '0925E411', '3', '3.8', '2020-02-20');
INSERT INTO ADDS(userID,recipeID,timesCooked,rating,lastCooked ) VALUES ('CED57092', '1110E2B2', '1', '3.75', '2019-10-08');
INSERT INTO ADDS(userID,recipeID,timesCooked,rating,lastCooked ) VALUES ('375548CD', 'A10BD851', '0', NULL, NULL);
